{"sections":{"image_banner":{"type":"image-banner","blocks":{"heading":{"type":"heading","settings":{"heading":"Browse our latest products","heading_size":"h0"}},"button":{"type":"buttons","settings":{"button_label_1":"Shop all","button_link_1":"shopify:\/\/collections\/all","button_style_secondary_1":true,"button_label_2":"","button_link_2":"","button_style_secondary_2":false}}},"block_order":["heading","button"],"settings":{"image":"shopify:\/\/shop_images\/football.jpg","image_overlay_opacity":20,"image_height":"large","desktop_content_position":"bottom-center","show_text_box":false,"desktop_content_alignment":"center","color_scheme":"scheme-3","image_behavior":"ambient","mobile_content_alignment":"center","stack_images_on_mobile":false,"show_text_below":false}},"featured_collection":{"type":"featured-collection","settings":{"title":"<em><strong>Featured Products<\/strong><\/em> 🔥","heading_size":"h0","description":"","show_description":false,"description_style":"body","collection":"featured","products_to_show":3,"columns_desktop":3,"full_width":false,"show_view_all":true,"view_all_style":"solid","enable_desktop_slider":false,"color_scheme":"scheme-1","image_ratio":"portrait","image_shape":"default","show_secondary_image":true,"show_vendor":false,"show_rating":true,"quick_add":"none","columns_mobile":"1","swipe_on_mobile":true,"padding_top":44,"padding_bottom":36}},"featured_collection_Neb7Nh":{"type":"featured-collection","settings":{"title":"<strong>Football<\/strong> ⚽️","heading_size":"h1","description":"","show_description":false,"description_style":"body","collection":"football","products_to_show":3,"columns_desktop":3,"full_width":false,"show_view_all":true,"view_all_style":"solid","enable_desktop_slider":false,"color_scheme":"","image_ratio":"portrait","image_shape":"default","show_secondary_image":false,"show_vendor":false,"show_rating":true,"quick_add":"none","columns_mobile":"1","swipe_on_mobile":true,"padding_top":36,"padding_bottom":36}},"featured_collection_NRidfg":{"type":"featured-collection","settings":{"title":"<strong>Cricket<\/strong> 🏏","heading_size":"h1","description":"","show_description":false,"description_style":"body","collection":"cricket","products_to_show":3,"columns_desktop":3,"full_width":false,"show_view_all":true,"view_all_style":"solid","enable_desktop_slider":false,"color_scheme":"","image_ratio":"portrait","image_shape":"default","show_secondary_image":false,"show_vendor":false,"show_rating":false,"quick_add":"none","columns_mobile":"1","swipe_on_mobile":true,"padding_top":36,"padding_bottom":36}},"featured_collection_VfhVND":{"type":"featured-collection","settings":{"title":"<strong>Hockey<\/strong> 🏒","heading_size":"h1","description":"","show_description":false,"description_style":"body","collection":"hockey","products_to_show":3,"columns_desktop":3,"full_width":false,"show_view_all":true,"view_all_style":"solid","enable_desktop_slider":false,"color_scheme":"","image_ratio":"portrait","image_shape":"default","show_secondary_image":false,"show_vendor":false,"show_rating":true,"quick_add":"none","columns_mobile":"1","swipe_on_mobile":true,"padding_top":36,"padding_bottom":36}},"featured_collection_MJYMPE":{"type":"featured-collection","settings":{"title":"<strong>Tennis<\/strong> 🎾","heading_size":"h1","description":"","show_description":false,"description_style":"body","collection":"tennis","products_to_show":3,"columns_desktop":3,"full_width":false,"show_view_all":true,"view_all_style":"solid","enable_desktop_slider":false,"color_scheme":"","image_ratio":"portrait","image_shape":"default","show_secondary_image":false,"show_vendor":false,"show_rating":true,"quick_add":"none","columns_mobile":"1","swipe_on_mobile":true,"padding_top":36,"padding_bottom":36}},"featured_collection_qbwze8":{"type":"featured-collection","settings":{"title":"<strong>Badminton<\/strong> 🏸","heading_size":"h1","description":"","show_description":false,"description_style":"body","collection":"badminton","products_to_show":3,"columns_desktop":3,"full_width":false,"show_view_all":true,"view_all_style":"solid","enable_desktop_slider":false,"color_scheme":"","image_ratio":"portrait","image_shape":"default","show_secondary_image":false,"show_vendor":false,"show_rating":true,"quick_add":"none","columns_mobile":"1","swipe_on_mobile":true,"padding_top":36,"padding_bottom":36}}},"order":["image_banner","featured_collection","featured_collection_Neb7Nh","featured_collection_NRidfg","featured_collection_VfhVND","featured_collection_MJYMPE","featured_collection_qbwze8"]}