{"name":"t:sections.footer.name","type":"footer","sections":{"custom_igFUBK":{"type":"custom","custom_css":["\/* Make designer name bold *\/.designer-name {font-weight: bold; font-size: 24px;}",".designer-info-section {text-align: center; font-weight: bold; font-size: 24px;}"],"settings":{"designer_name":"Tayyab Mansoor","designer_country":"Pakistan","designer_experience":1,"designer_bio":"Working as Trainee Software Engineer at ITS","show_bio":true}},"footer":{"type":"footer","blocks":{"text_ehG9jK":{"type":"text","disabled":true,"settings":{"heading":"Elevate Your Game with Premium Sports Gear!","subtext":"<p>Unleash your passion for sports with <strong>Our Store<\/strong>, your one-stop shop for premium sports gear, equipment, and apparel. Whether you’re a seasoned athlete, a weekend warrior, or just starting your fitness journey, we’ve got you covered with everything you need to excel<\/p>"}},"brand_information_mitkmd":{"type":"brand_information","settings":{"show_social":true}}},"block_order":["text_ehG9jK","brand_information_mitkmd"],"custom_css":[".footer-block__image-wrapper {display: block; margin: 0 auto; \/* Centers the logo horizontally *\/ text-align: center;}"," \/* If the logo is inside a container, center the container *\/.brand-logo-container {display: flex; justify-content: center; align-items: center;}"],"settings":{"color_scheme":"scheme-4","newsletter_enable":true,"newsletter_heading":"Subscribe to our emails","enable_follow_on_shop":true,"show_social":true,"enable_country_selector":true,"enable_language_selector":true,"payment_enable":true,"show_policy":true,"margin_top":0,"padding_top":36,"padding_bottom":36}}},"order":["custom_igFUBK","footer"]}